{
	"kelk.boowomp": {
		"category": "master",
		"sounds": [
			"boowomp"
		],
		"subtitle": "Boowomp"
	},

	"kelk.bad_to_the_bone": {
		"category": "master",
		"sounds": [
			"bad_to_the_bone"
		],
		"subtitle": "Bad to the bone"
	},

	"music.filesharing": {
		"category": "master",
		"sounds": [
			"music/filesharing"
		],
		"subtitle": "geoxantes feat. KAMZ0NER - Файлообменник"
	},

	"music.gde_papa": {
		"category": "master",
		"sounds": [
			"music/gde_papa"
		],
		"subtitle": "BOOKER - GDE PAPA"
	},

	"music.hamster_criminal": {
		"category": "master",
		"sounds": [
			"music/hamster_criminal"
		],
		"subtitle": "MC Beast - Hamster Criminal"
	},

	"music.fanmade.a_quiet_place": {
		"category": "master",
		"sounds": [
			"music/fanmade/a_quiet_place"
		],
		"subtitle": "Пластинка - A quiet place"
	},

	"music.bandit": {
		"category": "master",
		"sounds": [
			"music/bandit"
		],
		"subtitle": "Пластинка - Радио бандитов"
	},

	"music.pososi": {
		"category": "master",
		"sounds": [
			"music/pososi"
		],
		"subtitle": "MORGENSHTERN - Пососи"
	},

	"music.fanmade.husk": {
		"category": "master",
		"sounds": [
			"music/fanmade/husk"
		],
		"subtitle": "Пластинка - Husk"
	},

	"music.fanmade.iron_oath": {
		"category": "master",
		"sounds": [
			"music/fanmade/iron_oath"
		],
		"subtitle": "Пластинка - Iron Oath"
	},

	"music.fanmade.ribbit": {
		"category": "master",
		"sounds": [
			"music/fanmade/ribbit"
		],
		"subtitle": "Пластинка - Ribbit"
	},

	"music.fanmade.void": {
		"category": "master",
		"sounds": [
			"music/fanmade/void"
		],
		"subtitle": "Пластинка - Void"
	}
}